Centro Nacional de Control de Energia
Ofertas de compra-venta de energia del MDA (Ofertas de venta de Unidad de Central Hidroelectrica)
Sistema Interconectado Nacional
Reporte diario - Componentes diarios de las ofertas 
Fecha: 14/oct/2021
Archivo descargado desde el Sistema de Informacion del Mercado (Area Publica) creado el 13/dic/2021 01:00:01 hrs.
Nota: Los acentos de este reporte se omiten intencionalmente por sistema 
Datos diarios:
Codigo, Costo de Oportunidad ($/MWh), Grupo de Unidades (Embalse)
MNSR17241702YD8,        451.94,ZIMAPAN,
MNSR172417F3106,        451.94,ZIMAPAN,
MNSR1INX7Q92ARE,       1558.87,CARACOL,
MNSR1INX7QLEI3W,       1558.87,CARACOL,
MNSR1INX7QNXHAW,       1558.87,CARACOL,
MNSR1QMIIJ5NTYW,       1114.37,INFIERNILLO,
MNSR1QMIIJAS9WC,       1114.37,INFIERNILLO,
MNSR1QMIIJAW5VE,       1114.37,INFIERNILLO,
MNSR1QMIIJFSMZZ,       1114.37,INFIERNILLO,
MNSR1QMIIJT50GP,       1114.37,INFIERNILLO,
MNSR1QMIIJTM73N,       1114.37,INFIERNILLO,
MNSR1V6IP31G5SG,       1013.45,VILLITA,
MNSR1V6IP3274V5,       1013.45,VILLITA,
MNSR1V6IP3V6RTY,       1013.45,VILLITA,
MNSR1V6IP3V8AFV,       1013.45,VILLITA,
TOSD528TU02XXTD,        992.86,HUITES,
TOSD528TU0ZSEGR,        992.86,HUITES,
TOSD5K9ZZSHSM73,       1263.50,EL FUERTE,
TOSD5K9ZZSIECLF,       1263.50,EL FUERTE,
TOSD5K9ZZSIMVS9,       1263.50,EL FUERTE,
TOSD5P348P7S8UX,       1083.59,NOVILLO,
TOSD5P348PCS107,       1083.59,NOVILLO,
TOSD5P348PN1CLW,       1083.59,NOVILLO,
UXU8HH8TC30Q8PQ,        512.07,EL CAJON,
UXU8HH8TC332AY6,        512.07,EL CAJON,
UXU8HOOSJ2NC3WR,        572.98,AGUAMILPA,
UXU8HOOSJ2Q1C8B,        572.98,AGUAMILPA,
UXU8HOOSJ2ZV8LC,        572.98,AGUAMILPA,
UXU8HR8RSSG7I8X,        468.21,LA YESCA,
UXU8HR8RSSTESWK,        468.21,LA YESCA,
WX2INBS1QN5DGW8,       1227.89,TEMASCAL,
WX2INBS1QN5NMHS,       1227.89,TEMASCAL,
WX2INBS1QNOOUQV,       1227.89,TEMASCAL,
WX2INBS1QNSZ4YS,       1227.89,TEMASCAL,
WX2INBS1QNW2KE9,       1227.89,TEMASCAL,
WX2INBS1QNWCJ95,       1227.89,TEMASCAL,
WX2IND74UDNJHCM,       1975.50,LA ANGOSTURA,
WX2IND74UDOPDTB,       1975.50,LA ANGOSTURA,
WX2IND74UDQHST5,       1975.50,LA ANGOSTURA,
WX2IND74UDQZY6D,       1975.50,LA ANGOSTURA,
WX2IND74UDUVDY7,       1975.50,LA ANGOSTURA,
WX2INFKV3Z34AEW,       1737.50,M. MORENO T.,
WX2INFKV3ZC4S3K,       1737.50,M. MORENO T.,
WX2INFKV3ZDAARP,       1737.50,M. MORENO T.,
WX2INFKV3ZF4NTE,       1737.50,M. MORENO T.,
WX2INFKV3ZHI2ZU,       1737.50,M. MORENO T.,
WX2INFKV3ZHMCY9,       1737.50,M. MORENO T.,
WX2INFKV3ZOU4TG,       1737.50,M. MORENO T.,
WX2INFKV3ZRCYML,       1737.50,M. MORENO T.,
WX2INLCG45FSLWL,        954.10,PENITAS,
WX2INLCG45HDTA2,        954.10,PENITAS,
WX2INLCG45KHJFE,        954.10,PENITAS,
WX2INLCG45W4TB6,        954.10,PENITAS,
WX2INTY5MI5YX3V,        980.67,MAL PASO,
WX2INTY5MIIVRI8,        980.67,MAL PASO,
WX2INTY5MINGKKM,        980.67,MAL PASO,
WX2INTY5MIR8IB3,        980.67,MAL PASO,
WX2INTY5MIV0IIN,        980.67,MAL PASO,
WX2INTY5MIXSGZO,        980.67,MAL PASO,
WX2INWGXDL5FRQ5,        543.79,MAZATEPEC,
WX2INWGXDLEIGKE,        543.79,MAZATEPEC,
WX2INWGXDLYM03B,        543.79,MAZATEPEC,
WX2INWGXDLZCOP4,        543.79,MAZATEPEC,


