"Centro Nacional de Control de Energia"
"Ofertas de compra-venta de energia del MDA (Ofertas de venta de Unidad de Central Hidroelectrica)					"
"Sistema Interconectado Nacional"
"Reporte diario - Componentes diarios de las ofertas "
"Fecha: 27/jul/2021"
"Archivo descargado desde el Sistema de Informacion del Mercado (Area Publica) creado el 25/sep/2021 01:00:01 hrs"
"Nota: Los acentos de este reporte se omiten intencionalmente por sistema."
"Datos diarios:"
"Codigo"," Costo de Oportunidad ($/MWh)"," Grupo de Unidades (Embalse)"
"MNSR17241702YD8","        451.14","ZIMAPAN"
"MNSR172417F3106","        451.14","ZIMAPAN"
"MNSR1INX7Q92ARE","        691.65","CARACOL"
"MNSR1INX7QLEI3W","        691.65","CARACOL"
"MNSR1INX7QNXHAW","        691.65","CARACOL"
"MNSR1QMIIJ5NTYW","        659.67","INFIERNILLO"
"MNSR1QMIIJAS9WC","        659.67","INFIERNILLO"
"MNSR1QMIIJAW5VE","        659.67","INFIERNILLO"
"MNSR1QMIIJFSMZZ","        659.67","INFIERNILLO"
"MNSR1QMIIJT50GP","        659.67","INFIERNILLO"
"MNSR1QMIIJTM73N","        659.67","INFIERNILLO"
"MNSR1V6IP31G5SG","        618.78","VILLITA"
"MNSR1V6IP3274V5","        618.78","VILLITA"
"MNSR1V6IP3V6RTY","        618.78","VILLITA"
"MNSR1V6IP3V8AFV","        618.78","VILLITA"
"TOSD528TU02XXTD","        954.21","HUITES"
"TOSD528TU0ZSEGR","        954.21","HUITES"
"TOSD5K9ZZSHSM73","       2218.03","EL FUERTE"
"TOSD5K9ZZSIECLF","       2218.03","EL FUERTE"
"TOSD5K9ZZSIMVS9","       2218.03","EL FUERTE"
"TOSD5P348P7S8UX","        722.71","NOVILLO"
"TOSD5P348PCS107","        722.71","NOVILLO"
"TOSD5P348PN1CLW","        722.71","NOVILLO"
"UXU8HH8TC30Q8PQ","        713.44","EL CAJON"
"UXU8HH8TC332AY6","        713.44","EL CAJON"
"UXU8HOOSJ2NC3WR","        456.00","AGUAMILPA"
"UXU8HOOSJ2Q1C8B","        456.00","AGUAMILPA"
"UXU8HOOSJ2ZV8LC","        456.00","AGUAMILPA"
"UXU8HR8RSSG7I8X","       1340.82","LA YESCA"
"UXU8HR8RSSTESWK","       1340.82","LA YESCA"
"WX2INBS1QN5DGW8","        755.26","TEMASCAL"
"WX2INBS1QN5NMHS","        755.26","TEMASCAL"
"WX2INBS1QNOOUQV","        755.26","TEMASCAL"
"WX2INBS1QNSZ4YS","        755.26","TEMASCAL"
"WX2INBS1QNW2KE9","        755.26","TEMASCAL"
"WX2INBS1QNWCJ95","        755.26","TEMASCAL"
"WX2IND74UDNJHCM","       1872.50","LA ANGOSTURA"
"WX2IND74UDOPDTB","       1872.50","LA ANGOSTURA"
"WX2IND74UDQHST5","       1872.50","LA ANGOSTURA"
"WX2IND74UDQZY6D","       1872.50","LA ANGOSTURA"
"WX2IND74UDUVDY7","       1872.50","LA ANGOSTURA"
"WX2INFKV3Z34AEW","       1714.50","M. MORENO T."
"WX2INFKV3ZC4S3K","       1714.50","M. MORENO T."
"WX2INFKV3ZDAARP","       1714.50","M. MORENO T."
"WX2INFKV3ZF4NTE","       1714.50","M. MORENO T."
"WX2INFKV3ZHI2ZU","       1714.50","M. MORENO T."
"WX2INFKV3ZHMCY9","       1714.50","M. MORENO T."
"WX2INFKV3ZOU4TG","       1714.50","M. MORENO T."
"WX2INFKV3ZRCYML","       1714.50","M. MORENO T."
"WX2INLCG45FSLWL","        732.10","PENITAS"
"WX2INLCG45HDTA2","        732.10","PENITAS"
"WX2INLCG45KHJFE","        732.10","PENITAS"
"WX2INLCG45W4TB6","        732.10","PENITAS"
"WX2INTY5MI5YX3V","        781.63","MAL PASO"
"WX2INTY5MIIVRI8","        781.63","MAL PASO"
"WX2INTY5MINGKKM","        781.63","MAL PASO"
"WX2INTY5MIR8IB3","        781.63","MAL PASO"
"WX2INTY5MIV0IIN","        781.63","MAL PASO"
"WX2INTY5MIXSGZO","        781.63","MAL PASO"
"WX2INWGXDL5FRQ5","        664.24","MAZATEPEC"
"WX2INWGXDLEIGKE","        664.24","MAZATEPEC"
"WX2INWGXDLYM03B","        664.24","MAZATEPEC"
"WX2INWGXDLZCOP4","        664.24","MAZATEPEC"
